id,name,email,doj
1,Arjun Mehta,arjun.mehta@example.com,2021-03-15
2,Priya Sharma,priya.sharma@example.com,2020-07-22
3,Rahul Nair,rahul.nair@example.com,2019-11-05
4,Ananya Gupta,ananya.gupta@example.com,2022-01-10
5,Vikram Singh,vikram.singh@example.com,2023-05-03
6,Neha Joshi,neha.joshi@example.com,2021-09-28
7,Siddharth Rao,siddharth.rao@example.com,2020-02-18
8,Kavita Iyer,kavita.iyer@example.com,2022-07-11
9,Manoj Patil,manoj.patil@example.com,2019-04-30
10,Ritu Verma,ritu.verma@example.com,2023-10-01